Call Type,Length (seconds),Start Time,Location,File,S,E
Male,24.0,2020-03-02 11:09,Crossroad,010320_220001,541,565
Male,25.0,2020-03-02 11:22,Crossroad,010320_221502,455,480
Male,34.0,2020-03-02 11:53,Crossroad,010320_224502,510,544
Male,29.0,2020-03-02 11:54,Crossroad,010320_224502,589,618
Male,19.0,2020-03-02 12:08,Crossroad,010320_230002,493,512
Male,21.0,2020-04-02 12:21,Crossroad,010420_231502,386,407
Male,27.0,2020-04-02 12:25,Crossroad,010420_231502,617,644
Male,21.0,2019-05-02 10:16,Crossroad,010519_221502,67,88
Male,27.0,2019-05-02 11:19,Crossroad,010519_231502,266,293
Female,7.0,2019-05-02 11:19,Crossroad,010519_231502,292,299
Male,16.0,2019-05-02 11:32,Crossroad,010519_233002,160,176
Female,7.0,2019-05-02 11:30,Crossroad,010519_233002,17,24
Male,8.0,2020-03-03 11:08,Crossroad,020320_220001,509,517
Male,13.0,2020-03-03 11:08,Crossroad,020320_220001,522,535
Male,18.0,2019-04-03 11:10,Crossroad,020419_220001,649,667
Female,13.0,2019-04-03 11:26,Crossroad,020419_221502,685,698
Male,24.0,2019-04-03 11:26,Crossroad,020419_221502,703,727
Male,23.0,2019-04-03 11:42,Crossroad,020419_223002,761,784
Male,6.0,2019-04-03 11:46,Crossroad,020419_224502,107,113
Female,15.0,2019-04-03 12:33,Crossroad,020419_233002,200,215
Male,7.0,2019-04-03 12:33,Crossroad,020419_233002,223,230
Male,12.0,2020-04-03 11:32,Crossroad,020420_223002,177,189
Male,24.0,2020-04-03 12:19,Crossroad,020420_231502,270,294
Male,24.0,2020-04-03 12:16,Crossroad,020420_231502,93,117
Male,24.0,2020-04-03 12:49,Crossroad,020420_234502,260,284
Male,21.0,2019-05-03 10:43,Crossroad,020519_223002,825,846
Male,18.0,2019-05-03 11:22,Crossroad,020519_231502,432,450
Male,12.0,2018-04-04 11:51,Crossroad,030418_234502,382,394
Male,13.0,2019-04-04 11:09,Crossroad,030419_220001,572,585
Male,10.0,2019-04-04 11:57,Crossroad,030419_224502,753,763
Male,27.0,2019-04-04 12:21,Crossroad,030419_231502,379,406
Male,12.0,2019-04-04 12:30,Crossroad,030419_233002,38,50
Male,6.0,2019-04-04 12:30,Crossroad,030419_233002,53,59
Female,6.0,2019-04-04 12:31,Crossroad,030419_233002,65,71
Male,26.0,2019-04-04 12:41,Crossroad,030419_233002,671,697
Male,23.0,2020-04-04 11:55,Crossroad,030420_224502,625,648
Male,13.0,2020-04-04 12:47,Crossroad,030420_234502,160,173
Male,18.0,2020-03-05 11:06,Crossroad,040320_220001,371,389
Male,6.0,2020-03-05 11:47,Crossroad,040320_224502,143,149
Male,30.0,2020-03-05 12:03,Crossroad,040320_230002,215,245
Male,16.0,2020-03-05 12:00,Crossroad,040320_230002,53,69
Male,30.0,2020-03-05 12:41,Crossroad,040320_233002,701,731
Male,23.0,2018-04-05 10:40,Crossroad,040418_223002,616,639
Male,16.0,2018-04-05 10:50,Crossroad,040418_224502,340,356
Male,7.0,2018-04-05 10:57,Crossroad,040418_224502,767,774
Male,21.0,2018-04-05 11:55,Crossroad,040418_234502,630,651
Male,7.0,2019-04-05 11:34,Crossroad,040419_223002,270,277
Male,10.0,2019-04-05 11:35,Crossroad,040419_223002,335,345
Male,18.0,2019-04-05 11:37,Crossroad,040419_223002,466,484
Male,10.0,2019-04-05 11:30,Crossroad,040419_223002,56,66
Male,18.0,2019-04-05 11:41,Crossroad,040419_223002,660,678
Male,7.0,2019-04-05 11:44,Crossroad,040419_223002,854,861
Male,6.0,2019-04-05 11:44,Crossroad,040419_223002,868,874
Male,6.0,2019-04-05 11:44,Crossroad,040419_223002,877,883
Male,15.0,2019-04-05 11:47,Crossroad,040419_224502,165,180
Male,24.0,2019-04-05 12:01,Crossroad,040419_230002,94,118
Male,16.0,2020-03-06 11:02,Crossroad,050320_220001,129,145
Female,7.0,2020-03-06 11:02,Crossroad,050320_220001,159,166
Female,9.0,2020-03-06 11:02,Crossroad,050320_220001,168,177
Male,27.0,2020-03-06 11:04,Crossroad,050320_220001,295,322
Male,27.0,2020-03-06 11:20,Crossroad,050320_221502,310,337
Male,18.0,2020-03-06 11:20,Crossroad,050320_221502,353,371
Male,10.0,2020-03-06 11:39,Crossroad,050320_223002,554,564
Male,10.0,2020-03-06 11:31,Crossroad,050320_223002,68,78
Male,16.0,2018-04-06 10:01,Crossroad,050418_220001,88,104
Male,21.0,2019-04-06 11:38,Crossroad,050419_223002,486,507
Female,6.0,2019-04-06 12:50,Crossroad,050419_234502,348,354
Male,9.0,2019-04-06 12:50,Crossroad,050419_234502,352,361
Male,9.0,2020-03-07 11:11,Crossroad,060320_220001,703,712
Female,6.0,2020-03-07 11:28,Crossroad,060320_221502,780,786
Male,11.0,2020-03-07 12:29,Crossroad,060320_231502,885,896
Male,17.0,2018-04-07 10:17,Crossroad,060418_221502,138,155
Male,10.0,2018-04-07 10:18,Crossroad,060418_221502,204,214
Male,6.0,2018-04-07 11:20,Crossroad,060418_231502,318,324
Female,19.0,2019-04-07 10:57,Crossroad,060419_224502,777,796
Male,21.0,2019-04-07 10:58,Crossroad,060419_224502,797,818
Female,27.0,2019-04-07 11:00,Crossroad,060419_230002,42,69
Male,19.0,2020-04-07 10:16,Crossroad,060420_221503,103,122
Male,21.0,2019-05-07 10:11,Crossroad,060519_220001,681,702
Female,7.0,2019-05-07 10:01,Crossroad,060519_220001,83,90
Male,17.0,2019-05-07 10:01,Crossroad,060519_220001,89,106
Male,10.0,2020-03-08 11:37,Crossroad,070320_223002,425,435
Male,6.0,2020-03-08 11:42,Crossroad,070320_223002,731,737
Male,9.0,2020-03-08 11:43,Crossroad,070320_223002,794,803
Male,18.0,2020-03-08 12:51,Crossroad,070320_234502,389,407
Male,16.0,2018-04-08 10:29,Crossroad,070418_221502,881,897
Male,14.0,2018-04-08 10:30,Crossroad,070418_223002,1,15
Male,16.0,2018-04-08 10:32,Crossroad,070418_223002,173,189
Male,16.0,2018-04-08 10:33,Crossroad,070418_223002,194,210
Male,24.0,2018-04-08 10:58,Crossroad,070418_224502,793,817
Male,16.0,2018-04-08 10:59,Crossroad,070418_224502,882,898
Male,16.0,2018-04-08 11:01,Crossroad,070418_230002,102,118
Male,13.0,2018-04-08 11:00,Crossroad,070418_230002,9,22
Male,16.0,2018-04-08 11:20,Crossroad,070418_231502,313,329
Male,16.0,2018-04-08 11:24,Crossroad,070418_231502,561,577
Male,29.0,2018-04-08 11:16,Crossroad,070418_231502,68,97
Male,13.0,2018-04-08 11:27,Crossroad,070418_231502,728,741
Male,21.0,2018-04-08 11:27,Crossroad,070418_231502,759,780
Male,10.0,2018-04-08 11:33,Crossroad,070418_233002,214,224
Male,10.0,2018-04-08 11:34,Crossroad,070418_233002,240,250
Male,16.0,2018-04-08 11:41,Crossroad,070418_233002,712,728
Male,18.0,2019-04-08 10:06,Crossroad,070419_220001,388,406
Male,28.0,2019-04-08 10:07,Crossroad,070419_220001,466,494
Male,13.0,2019-04-08 10:32,Crossroad,070419_223002,123,136
Male,7.0,2020-04-08 10:49,Crossroad,070420_224502,263,270
Male,27.0,2018-04-09 11:17,Crossroad,080418_231502,156,183
Male,10.0,2018-04-09 11:23,Crossroad,080418_231502,504,514
Male,21.0,2019-04-09 10:27,Crossroad,080419_221503,728,749
Male,9.0,2019-04-09 11:07,Crossroad,080419_230002,455,464
Male,6.0,2019-04-09 11:34,Crossroad,080419_233002,273,279
Male,9.0,2019-04-09 11:38,Crossroad,080419_233002,521,530
Female,10.0,2020-04-09 10:17,Crossroad,080420_221502,165,175
Male,7.0,2019-05-09 10:45,Crossroad,080519_224502,19,26
Male,7.0,2019-05-09 10:45,Crossroad,080519_224502,9,16
Male,13.0,2019-05-09 11:52,Crossroad,080519_234502,453,466
Female,6.0,2018-04-10 11:00,Crossroad,090418_230002,25,31
Male,22.0,2018-04-10 11:05,Crossroad,090418_230002,333,355
Male,13.0,2018-04-10 11:09,Crossroad,090418_230002,558,571
Male,13.0,2018-04-10 11:09,Crossroad,090418_230002,574,587
Male,14.0,2018-04-10 11:14,Crossroad,090418_230002,875,889
Male,16.0,2018-04-10 11:16,Crossroad,090418_231502,110,126
Male,14.0,2018-04-10 11:24,Crossroad,090418_231502,561,575
Male,10.0,2018-04-10 11:35,Crossroad,090418_233002,352,362
Male,18.0,2018-04-10 11:38,Crossroad,090418_233002,527,545
Male,9.0,2019-04-10 10:05,Crossroad,090419_220001,358,367
Male,18.0,2019-04-10 10:06,Crossroad,090419_220001,397,415
Male,15.0,2019-04-10 10:24,Crossroad,090419_221502,593,608
Female,6.0,2019-04-10 10:25,Crossroad,090419_221502,619,625
Male,11.0,2019-04-10 11:20,Crossroad,090419_231502,319,330
Male,15.0,2020-04-10 10:00,Crossroad,090420_220001,31,46
Female,15.0,2020-04-10 10:00,Crossroad,090420_220001,45,60
Male,9.0,2020-04-10 10:01,Crossroad,090420_220001,64,73
Female,6.0,2020-04-10 11:06,Crossroad,090420_230002,380,386
Male,21.0,2020-04-10 11:06,Crossroad,090420_230002,389,410
Male,12.0,2020-04-10 11:12,Crossroad,090420_230002,749,761
Male,16.0,2019-05-10 11:39,Crossroad,090519_233002,594,610
Male,16.0,2019-05-10 11:40,Crossroad,090519_233002,612,628
Male,21.0,2019-05-10 11:43,Crossroad,090519_233002,797,818
Male,14.0,2020-03-11 11:10,Crossroad,100320_220001,644,658
Female,10.0,2020-03-11 11:46,Crossroad,100320_224502,92,102
Male,7.0,2020-03-11 12:42,Crossroad,100320_233002,741,748
Male,10.0,2020-03-11 12:42,Crossroad,100320_233002,751,761
Male,18.0,2018-04-11 11:14,Crossroad,100418_230002,879,897
Male,18.0,2018-04-11 11:17,Crossroad,100418_231502,162,180
missing,11.0,2020-04-11 10:41,Crossroad,100420_223002,708,719
missing,7.0,2020-04-11 10:48,Crossroad,100420_224502,195,202
Male,23.0,2019-05-11 11:01,Crossroad,100519_230002,70,93
Female,7.0,2020-03-12 11:19,Crossroad,110320_221503,282,289
Male,18.0,2020-03-12 11:20,Crossroad,110320_221503,307,325
Male,7.0,2020-03-12 11:36,Crossroad,110320_223002,389,396
Male,9.0,2020-03-12 12:26,Crossroad,110320_231502,704,713
Male,18.0,2020-03-12 12:51,Crossroad,110320_234502,412,430
Female,15.0,2018-04-12 10:28,Crossroad,110418_221502,810,825
Male,18.0,2018-04-12 10:28,Crossroad,110418_221502,832,850
Male,24.0,2018-04-12 10:33,Crossroad,110418_223002,195,219
Male,13.0,2018-04-12 11:02,Crossroad,110418_230002,118,131
Male,21.0,2019-04-12 10:20,Crossroad,110419_221502,357,378
Male,24.0,2019-04-12 11:22,Crossroad,110419_231502,434,458
Male,16.0,2019-04-12 11:29,Crossroad,110419_231502,843,859
Male,17.0,2019-04-12 11:42,Crossroad,110419_233002,750,767
Male,27.0,2019-04-12 11:47,Crossroad,110419_234502,152,179
Female,12.0,2020-04-12 10:05,Crossroad,110420_220001,319,331
Male,6.0,2020-04-12 10:30,Crossroad,110420_223002,9,15
Male,21.0,2019-05-12 10:23,Crossroad,110519_221502,507,528
Male,7.0,2019-05-12 10:23,Crossroad,110519_221502,536,543
Male,6.0,2019-05-12 10:16,Crossroad,110519_221502,71,77
Male,15.0,2019-05-12 11:22,Crossroad,110519_231502,477,492
Male,7.0,2020-03-13 11:19,Crossroad,120320_221502,266,273
Male,24.0,2020-03-13 11:35,Crossroad,120320_223002,301,325
Male,24.0,2020-03-13 11:53,Crossroad,120320_224502,496,520
Female,10.0,2020-03-13 11:53,Crossroad,120320_224502,522,532
Male,24.0,2020-03-13 12:51,Crossroad,120320_234502,361,385
Male,15.0,2019-04-13 10:41,Crossroad,120419_223002,708,723
Female,12.0,2019-04-13 10:42,Crossroad,120419_223002,728,740
Male,21.0,2019-04-13 10:42,Crossroad,120419_223002,741,762
Female,12.0,2019-04-13 10:48,Crossroad,120419_224502,232,244
Male,18.0,2019-04-13 10:49,Crossroad,120419_224502,245,263
Male,12.0,2019-04-13 10:52,Crossroad,120419_224502,466,478
Male,6.0,2019-04-13 10:53,Crossroad,120419_224502,490,496
Male,16.0,2019-04-13 11:14,Crossroad,120419_230002,882,898
Male,11.0,2019-04-13 11:15,Crossroad,120419_231502,1,12
Male,10.0,2019-04-13 11:23,Crossroad,120419_231502,520,530
Male,7.0,2019-04-13 11:24,Crossroad,120419_231502,552,559
Male,26.0,2019-04-13 11:27,Crossroad,120419_231502,776,802
Male,30.0,2019-04-13 11:35,Crossroad,120419_233002,334,364
Male,7.0,2019-04-13 11:30,Crossroad,120419_233002,52,59
Male,7.0,2019-05-13 11:24,Crossroad,120519_231502,538,545
Male,13.0,2020-03-14 11:14,Crossroad,130320_220001,883,896
Male,30.0,2020-03-14 11:57,Crossroad,130320_224502,772,802
Male,18.0,2020-03-14 12:27,Crossroad,130320_231502,750,768
Male,18.0,2020-03-14 12:28,Crossroad,130320_231502,816,834
Male,22.0,2020-03-14 12:29,Crossroad,130320_231502,876,898
Male,18.0,2020-03-14 12:48,Crossroad,130320_234502,187,205
Male,13.0,2020-03-14 12:51,Crossroad,130320_234502,362,375
Male,21.0,2019-04-14 10:05,Crossroad,130419_220001,338,359
Male,15.0,2019-04-14 10:00,Crossroad,130419_220001,8,23
Male,21.0,2020-04-14 10:55,Crossroad,130420_224502,600,621
Male,28.0,2019-05-14 10:07,Crossroad,130519_220001,425,453
Female,12.0,2019-05-14 10:57,Crossroad,130519_224502,727,739
Male,18.0,2019-05-14 10:57,Crossroad,130519_224502,740,758
Female,12.0,2019-05-14 11:05,Crossroad,130519_230002,315,327
Male,18.0,2019-05-14 11:05,Crossroad,130519_230002,338,356
Male,24.0,2019-03-15 12:03,Crossroad,140319_230002,196,220
Male,10.0,2019-03-15 12:27,Crossroad,140319_231502,718,728
Male,13.0,2019-03-15 12:33,Crossroad,140319_233002,190,203
Male,10.0,2019-03-15 12:34,Crossroad,140319_233002,241,251
missing,18.0,2019-03-15 12:43,Crossroad,140319_233002,792,810
Male,6.0,2020-03-15 11:13,Crossroad,140320_220001,779,785
Male,7.0,2020-03-15 11:13,Crossroad,140320_220001,797,804
Male,30.0,2020-03-15 12:16,Crossroad,140320_231502,82,112
Male,27.0,2020-03-15 12:29,Crossroad,140320_231502,847,874
Male,9.0,2020-03-15 12:29,Crossroad,140320_231502,881,890
Male,15.0,2020-03-15 12:31,Crossroad,140320_233002,100,115
Male,6.0,2020-03-15 12:31,Crossroad,140320_233002,88,94
Female,6.0,2020-03-15 12:59,Crossroad,140320_234502,861,867
Male,6.0,2020-03-15 12:59,Crossroad,140320_234502,867,873
Male,9.0,2020-03-15 12:59,Crossroad,140320_234502,879,888
Male,24.0,2019-04-15 10:09,Crossroad,140419_220001,557,581
Male,9.0,2019-04-15 10:30,Crossroad,140419_223002,13,22
Male,30.0,2019-04-15 10:34,Crossroad,140419_223002,247,277
Male,18.0,2019-04-15 10:34,Crossroad,140419_223002,281,299
Male,14.0,2019-04-15 10:50,Crossroad,140419_224502,320,334
Male,10.0,2019-04-15 10:51,Crossroad,140419_224502,398,408
Male,21.0,2019-04-15 10:51,Crossroad,140419_224502,416,437
Male,18.0,2019-04-15 11:52,Crossroad,140419_234502,472,490
Female,15.0,2019-03-16 12:18,Crossroad,150319_231502,213,228
Male,21.0,2019-03-16 12:18,Crossroad,150319_231502,229,250
Male,12.0,2020-03-16 11:34,Crossroad,150320_223002,250,262
Male,18.0,2020-03-16 11:46,Crossroad,150320_224502,69,87
Male,7.0,2019-03-17 11:48,Crossroad,160319_224502,194,201
Male,16.0,2019-03-17 12:04,Crossroad,160319_230002,277,293
Male,27.0,2019-03-17 12:47,Crossroad,160319_234502,119,146
Male,7.0,2020-03-17 11:14,Crossroad,160320_220001,889,896
Male,11.0,2020-03-17 11:15,Crossroad,160320_221502,1,12
Male,21.0,2020-03-17 12:13,Crossroad,160320_230002,811,832
Male,6.0,2020-03-17 12:27,Crossroad,160320_231502,771,777
Male,19.0,2019-04-17 10:12,Crossroad,160419_220001,731,750
Male,6.0,2019-05-17 10:08,Crossroad,160519_220001,521,527
Female,9.0,2019-05-17 10:08,Crossroad,160519_220001,533,542
Male,22.0,2019-05-17 10:15,Crossroad,160519_221502,3,25
Male,10.0,2019-05-17 10:28,Crossroad,160519_221502,793,803
Male,6.0,2019-05-17 11:00,Crossroad,160519_230002,17,23
Male,9.0,2019-03-18 12:06,Crossroad,170319_230002,367,376
Male,6.0,2020-03-18 11:57,Crossroad,170320_224502,726,732
Male,9.0,2020-03-18 11:57,Crossroad,170320_224502,741,750
Male,27.0,2020-03-18 11:58,Crossroad,170320_224502,815,842
Male,21.0,2020-03-18 12:53,Crossroad,170320_234502,529,550
Male,30.0,2020-03-18 12:54,Crossroad,170320_234502,588,618
Male,27.0,2019-04-18 11:46,Crossroad,170419_234502,98,125
Male,10.0,2019-05-18 10:25,Crossroad,170519_221502,614,624
Male,30.0,2020-03-19 11:04,Crossroad,180320_220001,269,299
Male,25.0,2020-03-19 11:21,Crossroad,180320_221502,400,425
Male,24.0,2019-04-19 10:08,Crossroad,180419_220001,507,531
Male,15.0,2019-04-19 10:32,Crossroad,180419_223002,152,167
Male,24.0,2019-04-19 10:54,Crossroad,180419_224502,549,573
Male,10.0,2019-04-20 11:27,Crossroad,190419_231502,775,785
Male,21.0,2019-04-20 11:28,Crossroad,190419_231502,792,813
Male,9.0,2019-04-20 11:28,Crossroad,190419_231502,831,840
Male,13.0,2019-03-21 11:19,Crossroad,200319_221503,280,293
Male,15.0,2020-03-21 11:07,Crossroad,200320_220001,441,456
Female,13.0,2020-03-21 11:10,Crossroad,200320_220001,606,619
Female,18.0,2020-03-21 11:24,Crossroad,200320_221502,564,582
Male,27.0,2020-03-21 11:25,Crossroad,200320_221502,623,650
Male,7.0,2020-03-21 11:37,Crossroad,200320_223002,422,429
Male,16.0,2020-03-21 11:46,Crossroad,200320_224502,88,104
Male,15.0,2020-03-21 12:21,Crossroad,200320_231502,378,393
Male,27.0,2020-03-21 12:37,Crossroad,200320_233002,467,494
Male,7.0,2020-03-21 12:41,Crossroad,200320_233002,690,697
Male,18.0,2020-03-21 12:52,Crossroad,200320_234502,455,473
Male,10.0,2019-04-21 11:32,Crossroad,200419_233002,160,170
Female,13.0,2019-04-21 11:32,Crossroad,200419_233002,169,182
Male,19.0,2019-04-21 11:57,Crossroad,200419_234502,761,780
Male,24.0,2019-03-22 11:03,Crossroad,210319_220001,198,222
Male,16.0,2019-03-22 12:50,Crossroad,210319_234502,330,346
Male,13.0,2019-03-22 12:51,Crossroad,210319_234502,367,380
Male,23.0,2019-03-22 12:51,Crossroad,210319_234502,381,404
Male,10.0,2019-03-22 12:55,Crossroad,210319_234502,600,610
Male,13.0,2019-03-22 12:58,Crossroad,210319_234502,795,808
Male,7.0,2019-04-22 10:05,Crossroad,210419_220001,327,334
Male,30.0,2019-04-22 11:31,Crossroad,210419_233002,59,89
Male,24.0,2019-04-22 11:56,Crossroad,210419_234502,660,684
Male,24.0,2020-02-23 11:02,Crossroad,220220_220001,173,197
Male,27.0,2020-02-23 11:08,Crossroad,220220_220001,538,565
Male,30.0,2020-02-23 11:49,Crossroad,220220_224502,268,298
Male,27.0,2019-03-23 11:18,Crossroad,220319_221502,193,220
Male,15.0,2019-03-23 12:42,Crossroad,220319_233002,776,791
Male,16.0,2019-03-23 12:43,Crossroad,220319_233002,808,824
Male,27.0,2020-03-23 11:26,Crossroad,220320_221502,714,741
Male,27.0,2020-03-23 12:52,Crossroad,220320_234502,470,497
Male,21.0,2019-04-23 10:31,Crossroad,220419_223002,64,85
Male,13.0,2019-04-23 11:53,Crossroad,220419_234502,478,491
Male,7.0,2019-04-23 11:55,Crossroad,220419_234502,642,649
Male,12.0,2020-02-24 11:02,Crossroad,230220_220001,158,170
Male,27.0,2020-02-24 12:08,Crossroad,230220_230002,482,509
Male,18.0,2020-02-24 12:09,Crossroad,230220_230002,539,557
Male,18.0,2020-02-24 12:31,Crossroad,230220_233002,102,120
Male,27.0,2020-02-24 12:30,Crossroad,230220_233002,31,58
Male,16.0,2020-02-24 12:40,Crossroad,230220_233002,619,635
Male,16.0,2018-03-24 12:32,Crossroad,230318_233002,133,149
Male,21.0,2019-03-24 12:00,Crossroad,230319_230002,56,77
Female,6.0,2020-03-24 11:51,Crossroad,230320_224502,392,398
Male,9.0,2020-03-24 11:51,Crossroad,230320_224502,410,419
Female,15.0,2020-03-24 12:02,Crossroad,230320_230002,175,190
Female,15.0,2020-03-24 12:35,Crossroad,230320_233002,324,339
Female,18.0,2020-03-24 12:59,Crossroad,230320_234502,872,890
Male,18.0,2019-04-24 10:29,Crossroad,230419_221502,853,871
Male,30.0,2019-04-24 11:48,Crossroad,230419_234502,186,216
Male,13.0,2020-02-25 11:50,Crossroad,240220_224502,339,352
Male,24.0,2020-02-25 12:10,Crossroad,240220_230002,657,681
Male,21.0,2020-02-25 12:45,Crossroad,240220_234502,1,22
Female,10.0,2020-02-25 12:48,Crossroad,240220_234502,193,203
Male,15.0,2018-03-25 12:30,Crossroad,240318_233002,2,17
Male,27.0,2018-03-25 12:39,Crossroad,240318_233002,594,621
Male,12.0,2019-03-25 11:11,Crossroad,240319_220001,673,685
Male,15.0,2019-03-25 11:55,Crossroad,240319_224502,640,655
Male,16.0,2020-03-25 11:26,Crossroad,240320_221502,671,687
Male,6.0,2020-03-25 12:13,Crossroad,240320_230002,804,810
Male,18.0,2020-03-25 12:13,Crossroad,240320_230002,813,831
Male,21.0,2020-03-25 12:25,Crossroad,240320_231502,640,661
Male,28.0,2020-03-25 12:44,Crossroad,240320_233002,841,869
Male,13.0,2020-03-25 12:55,Crossroad,240320_234502,617,630
Male,24.0,2019-04-25 10:57,Crossroad,240419_224502,756,780
Male,16.0,2019-04-25 11:06,Crossroad,240419_230002,362,378
Male,7.0,2020-02-26 11:34,Crossroad,250220_223002,248,255
Male,27.0,2020-02-26 12:09,Crossroad,250220_230002,595,622
Male,24.0,2020-02-26 12:12,Crossroad,250220_230002,728,752
Male,18.0,2020-02-26 12:24,Crossroad,250220_231502,560,578
Female,7.0,2020-02-26 12:24,Crossroad,250220_231502,589,596
Male,24.0,2020-02-26 12:52,Crossroad,250220_234502,420,444
Male,7.0,2018-03-26 11:24,Crossroad,250318_221502,585,592
Female,24.0,2020-03-26 11:39,Crossroad,250320_223002,557,581
Male,6.0,2020-03-26 12:22,Crossroad,250320_231502,418,424
Female,10.0,2020-03-26 12:22,Crossroad,250320_231502,444,454
Male,10.0,2020-02-28 11:23,Crossroad,270220_221503,514,524
Male,7.0,2020-02-28 11:23,Crossroad,270220_221503,529,536
Male,24.0,2020-02-28 11:42,Crossroad,270220_223002,734,758
Male,7.0,2020-02-28 12:33,Crossroad,270220_233002,229,236
Male,16.0,2020-02-28 12:42,Crossroad,270220_233002,744,760
Male,10.0,2020-02-28 12:42,Crossroad,270220_233002,762,772
Male,20.0,2019-03-28 12:08,Crossroad,270319_230002,487,507
Male,18.0,2019-03-28 12:31,Crossroad,270319_233002,105,123
Male,13.0,2019-03-28 12:31,Crossroad,270319_233002,79,92
Male,15.0,2019-03-28 12:44,Crossroad,270319_233002,869,884
Male,11.0,2019-03-28 12:44,Crossroad,270319_233002,887,898
Male,6.0,2019-03-28 12:31,Crossroad,270319_233002,96,102
Male,16.0,2019-03-28 12:45,Crossroad,270319_234502,12,28
Male,10.0,2019-03-28 12:45,Crossroad,270319_234502,48,58
Male,27.0,2019-03-28 12:59,Crossroad,270319_234502,866,893
Male,27.0,2020-03-28 11:17,Crossroad,270320_221502,142,169
Male,12.0,2020-03-28 12:26,Crossroad,270320_231502,664,676
Male,6.0,2020-03-28 12:26,Crossroad,270320_231502,679,685
Male,21.0,2020-03-28 12:27,Crossroad,270320_231502,770,791
Male,10.0,2019-04-28 10:02,Crossroad,270419_220001,124,134
Male,18.0,2019-04-28 10:02,Crossroad,270419_220001,140,158
Male,43.0,2019-04-28 10:02,Crossroad,270419_220001,172,215
Male,10.0,2019-04-28 10:07,Crossroad,270419_220001,427,437
Female,7.0,2019-04-28 11:23,Crossroad,270419_231502,505,512
Male,7.0,2019-04-28 11:23,Crossroad,270419_231502,510,517
Male,21.0,2019-04-28 11:52,Crossroad,270419_234502,446,467
Male,10.0,2020-02-29 11:53,Crossroad,280220_224502,483,493
Male,26.0,2018-03-29 11:04,Crossroad,280318_220001,284,310
Male,7.0,2018-03-29 12:48,Crossroad,280318_234502,184,191
Male,23.0,2018-03-29 12:51,Crossroad,280318_234502,360,383
Male,10.0,2018-03-29 12:53,Crossroad,280318_234502,501,511
Male,16.0,2019-03-29 11:15,Crossroad,280319_221502,17,33
Male,16.0,2019-03-29 12:11,Crossroad,280319_230002,683,699
Female,6.0,2020-03-29 11:38,Crossroad,280320_223002,488,494
Male,27.0,2020-03-29 12:05,Crossroad,280320_230002,303,330
Male,24.0,2020-03-01 11:23,Crossroad,290220_221502,515,539
Male,22.0,2020-03-01 12:43,Crossroad,290220_233002,792,814
Female,10.0,2019-03-30 11:30,Crossroad,290319_223002,55,65
Male,6.0,2019-03-30 12:07,Crossroad,290319_230002,461,467
Male,18.0,2019-03-30 12:24,Crossroad,290319_231502,553,571
Male,27.0,2020-03-30 11:02,Crossroad,290320_220001,178,205
Male,18.0,2020-03-30 11:18,Crossroad,290320_221502,219,237
Female,18.0,2020-03-30 11:18,Crossroad,290320_221502,235,253
Female,6.0,2020-03-30 11:19,Crossroad,290320_221502,262,268
Male,24.0,2020-03-30 11:19,Crossroad,290320_221502,279,303
Male,21.0,2020-03-30 11:23,Crossroad,290320_221502,480,501
Male,24.0,2020-03-30 11:56,Crossroad,290320_224502,689,713
Female,23.0,2019-04-30 10:07,Crossroad,290419_220001,446,469
Male,23.0,2019-04-30 10:12,Crossroad,290419_220001,724,747
Male,21.0,2019-04-30 11:01,Crossroad,290419_230002,103,124
Male,36.0,2019-04-30 11:06,Crossroad,290419_230002,398,434
Male,18.0,2019-04-30 11:53,Crossroad,290419_234502,535,553
Male,18.0,2020-03-31 11:11,Crossroad,300320_220001,705,723
Female,9.0,2019-05-01 10:06,Crossroad,300419_220001,395,404
Male,18.0,2019-05-01 10:06,Crossroad,300419_220001,405,423
Male,24.0,2019-05-01 10:56,Crossroad,300419_224502,662,686
Male,24.0,2018-04-01 10:09,Crossroad,310318_220001,578,602
Male,16.0,2018-04-01 11:23,Crossroad,310318_231502,520,536
Male,22.0,2018-04-01 11:24,Crossroad,310318_231502,570,592
Male,13.0,2018-04-01 11:45,Crossroad,310318_234502,10,23
Male,13.0,2020-04-01 11:02,Crossroad,310320_220001,141,154
Male,18.0,2020-04-01 11:02,Crossroad,310320_220001,162,180
Male,13.0,2020-04-01 11:00,Crossroad,310320_220001,22,35
Male,7.0,2020-04-01 11:09,Crossroad,310320_220001,576,583
Male,18.0,2020-04-01 11:46,Crossroad,310320_224502,117,135
Male,16.0,2019-04-02 11:29,Grono,010419_221503,861,877
Male,16.0,2019-04-02 11:29,Grono,010419_221503,881,897
Male,7.0,2019-05-02 10:48,Grono,010519_224502,198,205
Male,9.0,2019-05-02 11:42,Grono,010519_233002,775,784
Female,12.0,2019-05-02 11:46,Grono,010519_234502,105,117
Male,9.0,2019-05-02 11:46,Grono,010519_234502,114,123
Male,15.0,2019-05-02 11:47,Grono,010519_234502,129,144
Male,15.0,2019-05-02 11:45,Grono,010519_234502,5,20
Female,12.0,2019-04-03 11:20,Grono,020419_221503,354,366
Male,21.0,2019-04-03 12:14,Grono,020419_230002,839,860
Male,15.0,2019-05-03 11:09,Grono,020519_230002,597,612
Female,9.0,2019-05-03 11:11,Grono,020519_230002,672,681
Female,9.0,2019-05-03 11:11,Grono,020519_230002,684,693
Male,13.0,2019-05-03 11:11,Grono,020519_230002,691,704
Male,21.0,2019-05-03 11:33,Grono,020519_233002,210,231
Male,27.0,2019-05-03 11:41,Grono,020519_233002,680,707
Female,8.0,2019-04-04 11:08,Grono,030419_220001,502,510
Male,24.0,2019-04-04 11:08,Grono,030419_220001,531,555
Male,6.0,2019-04-04 11:38,Grono,030419_223003,510,516
Male,12.0,2019-04-04 12:36,Grono,030419_233002,374,386
Male,6.0,2019-04-04 12:49,Grono,030419_234502,255,261
Male,6.0,2019-04-04 12:50,Grono,030419_234502,313,319
Male,9.0,2019-04-04 12:50,Grono,030419_234502,322,331
Male,30.0,2019-04-04 12:51,Grono,030419_234502,384,414
Male,12.0,2019-05-04 10:11,Grono,030519_220001,666,678
Male,12.0,2019-05-04 10:55,Grono,030519_224502,648,660
Male,15.0,2019-05-04 10:56,Grono,030519_224502,663,678
Male,9.0,2019-05-04 11:38,Grono,030519_233003,524,533
Male,7.0,2019-04-05 12:19,Grono,040419_231502,285,292
Male,21.0,2019-04-06 11:26,Grono,050419_221503,692,713
Male,6.0,2019-04-06 11:40,Grono,050419_223003,617,623
Male,12.0,2019-04-06 11:49,Grono,050419_224502,251,263
Male,21.0,2019-04-06 11:58,Grono,050419_224502,780,801
Female,18.0,2019-04-06 11:59,Grono,050419_224502,841,859
Male,6.0,2019-04-06 12:04,Grono,050419_230002,243,249
Male,7.0,2019-04-06 12:33,Grono,050419_233002,197,204
Male,12.0,2019-05-06 10:02,Grono,050519_220001,121,133
Male,20.0,2019-05-06 10:01,Grono,050519_220001,80,100
Female,12.0,2019-04-07 10:03,Grono,060419_220001,221,233
Male,30.0,2019-04-07 10:03,Grono,060419_220001,232,262
Female,12.0,2019-04-07 10:09,Grono,060419_220001,597,609
Male,30.0,2019-04-07 10:10,Grono,060419_220001,608,638
Male,21.0,2019-04-07 10:13,Grono,060419_220001,818,839
Male,10.0,2019-04-07 10:26,Grono,060419_221503,680,690
Male,21.0,2019-04-07 10:51,Grono,060419_224502,372,393
Male,24.0,2019-04-07 11:36,Grono,060419_233002,377,401
Male,12.0,2019-04-07 11:37,Grono,060419_233002,427,439
Male,21.0,2019-04-07 11:40,Grono,060419_233002,629,650
Male,18.0,2019-04-07 11:51,Grono,060419_234502,382,400
Male,16.0,2019-05-07 10:12,Grono,060519_220001,777,793
Male,7.0,2019-05-07 10:17,Grono,060519_221503,148,155
Male,24.0,2019-05-07 10:22,Grono,060519_221503,447,471
Female,9.0,2019-05-07 10:23,Grono,060519_221503,477,486
Male,18.0,2019-05-07 10:23,Grono,060519_221503,485,503
Male,15.0,2019-05-07 10:23,Grono,060519_221503,518,533
Male,15.0,2019-05-07 10:23,Grono,060519_221503,536,551
Female,6.0,2019-05-07 10:37,Grono,060519_223003,421,427
Male,21.0,2019-05-07 10:37,Grono,060519_223003,429,450
Male,7.0,2019-05-07 10:41,Grono,060519_223003,715,722
Male,10.0,2019-05-07 10:45,Grono,060519_224502,34,44
Male,30.0,2019-05-07 11:18,Grono,060519_231502,205,235
Male,12.0,2019-04-08 10:17,Grono,070419_221503,136,148
Male,30.0,2019-04-08 10:17,Grono,070419_221503,166,196
Male,13.0,2019-04-08 10:16,Grono,070419_221503,82,95
Male,27.0,2019-04-08 11:04,Grono,070419_230002,283,310
Male,15.0,2019-04-08 11:07,Grono,070419_230002,430,445
Female,15.0,2019-04-08 11:07,Grono,070419_230002,458,473
Male,18.0,2019-04-08 11:07,Grono,070419_230002,475,493
Male,15.0,2019-04-08 11:11,Grono,070419_230002,682,697
Male,9.0,2019-04-08 11:11,Grono,070419_230002,700,709
Male,21.0,2019-04-08 11:28,Grono,070419_231502,783,804
Male,18.0,2019-05-08 10:46,Grono,070519_224503,100,118
Male,6.0,2019-05-08 11:28,Grono,070519_231502,788,794
Male,6.0,2019-05-08 11:34,Grono,070519_233002,246,252
Male,6.0,2018-03-09 11:25,Grono,080318_221504,636,642
Male,30.0,2018-03-09 12:36,Grono,080318_233003,408,438
Male,18.0,2019-04-09 10:24,Grono,080419_221503,590,608
Male,6.0,2019-04-09 10:36,Grono,080419_223003,380,386
Male,15.0,2019-04-09 10:43,Grono,080419_223003,832,847
Male,14.0,2019-04-09 11:20,Grono,080419_231502,329,343
Male,7.0,2019-04-09 11:20,Grono,080419_231502,356,363
Female,6.0,2019-04-09 11:37,Grono,080419_233002,443,449
Male,10.0,2019-04-09 11:31,Grono,080419_233002,65,75
Male,18.0,2019-05-09 10:10,Grono,080519_220001,635,653
Male,10.0,2018-03-10 11:43,Grono,090318_223003,824,834
Male,6.0,2018-03-10 12:31,Grono,090318_233002,61,67
Male,9.0,2018-03-10 12:31,Grono,090318_233002,70,79
Male,24.0,2018-03-10 12:42,Grono,090318_233002,727,751
Male,9.0,2018-03-10 12:31,Grono,090318_233002,88,97
Male,18.0,2019-04-10 10:29,Grono,090419_221503,839,857
Female,6.0,2019-05-10 10:08,Grono,090519_220001,504,510
Male,27.0,2019-05-10 10:08,Grono,090519_220001,521,548
Female,18.0,2019-05-10 10:25,Grono,090519_221503,623,641
Male,24.0,2019-05-10 10:25,Grono,090519_221503,642,666
Male,18.0,2019-05-10 11:00,Grono,090519_230002,2,20
Female,12.0,2019-05-10 11:00,Grono,090519_230002,24,36
Female,6.0,2019-05-10 11:00,Grono,090519_230002,39,45
Male,13.0,2019-05-10 11:18,Grono,090519_231503,217,230
Male,7.0,2019-05-10 11:19,Grono,090519_231503,272,279
Male,7.0,2019-05-10 11:25,Grono,090519_231503,656,663
Male,30.0,2019-05-10 11:53,Grono,090519_234502,483,513
Female,9.0,2019-04-11 10:03,Grono,100419_220001,230,239
missing,6.0,2019-04-11 10:04,Grono,100419_220001,242,248
Male,16.0,2019-05-11 10:13,Grono,100519_220001,792,808
missing,23.0,2019-05-11 10:18,Grono,100519_221503,208,231
missing,12.0,2019-05-11 10:47,Grono,100519_224502,159,171
missing,7.0,2019-05-11 11:26,Grono,100519_231502,666,673
missing,7.0,2019-05-11 11:26,Grono,100519_231502,672,679
missing,7.0,2019-05-11 11:26,Grono,100519_231502,681,688
missing,10.0,2019-04-12 10:04,Grono,110419_220001,285,295
missing,6.0,2019-04-12 10:13,Grono,110419_220001,814,820
missing,6.0,2019-04-12 10:13,Grono,110419_220001,823,829
missing,21.0,2019-04-12 10:13,Grono,110419_220001,837,858
missing,15.0,2019-04-12 11:08,Grono,110419_230002,491,506
missing,21.0,2019-04-12 11:18,Grono,110419_231502,215,236
Male,9.0,2019-04-12 11:19,Grono,110419_231502,264,273
Female,7.0,2019-04-12 11:49,Grono,110419_234502,277,284
Female,10.0,2019-04-12 11:49,Grono,110419_234502,286,296
Male,9.0,2019-04-12 11:50,Grono,110419_234502,299,308
Male,6.0,2019-04-12 11:50,Grono,110419_234502,323,329
Male,7.0,2019-04-12 11:59,Grono,110419_234502,891,898
Male,6.0,2019-05-12 10:07,Grono,110519_220001,465,471
Male,30.0,2019-04-13 10:04,Grono,120419_220001,295,325
Male,7.0,2019-04-13 10:05,Grono,120419_220001,340,347
Male,24.0,2019-04-13 10:52,Grono,120419_224502,434,458
Male,9.0,2019-04-13 11:30,Grono,120419_233002,19,28
Male,12.0,2019-04-13 11:30,Grono,120419_233002,34,46
Male,18.0,2019-04-13 11:37,Grono,120419_233002,431,449
Male,9.0,2019-04-13 11:30,Grono,120419_233002,52,61
Male,16.0,2019-04-13 11:44,Grono,120419_233002,881,897
Male,6.0,2019-05-13 10:54,Grono,120519_224502,541,547
Male,6.0,2019-05-13 10:54,Grono,120519_224502,559,565
Female,12.0,2019-04-14 10:06,Grono,130419_220001,379,391
Male,21.0,2019-04-14 10:09,Grono,130419_220001,575,596
Male,6.0,2019-04-14 10:43,Grono,130419_223003,828,834
Male,21.0,2019-04-14 10:44,Grono,130419_223003,869,890
Male,23.0,2019-05-14 10:02,Grono,130519_220001,142,165
Male,6.0,2019-05-14 10:55,Grono,130519_224502,606,612
Male,21.0,2019-04-15 10:31,Grono,140419_223003,111,132
Male,24.0,2019-04-15 10:58,Grono,140419_224502,802,826
Female,15.0,2019-04-15 11:53,Grono,140419_234502,530,545
Male,21.0,2019-04-15 11:54,Grono,140419_234502,544,565
Male,15.0,2019-05-15 11:09,Grono,140519_230002,574,589
Male,21.0,2019-03-16 11:13,Grono,150319_220001,809,830
Male,18.0,2019-03-16 11:29,Grono,150319_221503,858,876
Female,9.0,2019-03-16 11:29,Grono,150319_221503,881,890
Male,14.0,2019-03-16 11:30,Grono,150319_223002,1,15
Male,30.0,2019-03-16 11:37,Grono,150319_223002,449,479
Male,16.0,2019-03-16 11:43,Grono,150319_223002,790,806
Male,10.0,2019-03-16 11:47,Grono,150319_224502,129,139
Male,10.0,2019-03-16 11:48,Grono,150319_224502,226,236
Male,13.0,2019-03-16 11:49,Grono,150319_224502,241,254
Male,10.0,2019-03-16 11:45,Grono,150319_224502,41,51
Male,10.0,2019-03-16 11:46,Grono,150319_224502,98,108
Female,6.0,2019-03-16 12:01,Grono,150319_230002,109,115
Male,15.0,2019-03-16 12:02,Grono,150319_230002,120,135
Male,27.0,2019-03-16 12:36,Grono,150319_233002,389,416
Male,18.0,2019-04-16 10:56,Grono,150419_224502,663,681
Male,6.0,2019-04-16 11:11,Grono,150419_230002,660,666
Male,9.0,2019-04-16 11:38,Grono,150419_233002,498,507
Female,15.0,2019-03-17 11:31,Grono,160319_223002,65,80
Female,9.0,2019-03-17 11:45,Grono,160319_224502,25,34
Male,27.0,2019-03-17 11:45,Grono,160319_224502,39,66
Female,9.0,2019-03-17 12:11,Grono,160319_230002,690,699
Male,24.0,2019-03-17 12:11,Grono,160319_230002,701,725
Male,18.0,2019-03-17 12:13,Grono,160319_230002,803,821
Male,18.0,2019-03-17 12:27,Grono,160319_231502,726,744
Male,18.0,2019-03-17 12:30,Grono,160319_233002,25,43
Female,7.0,2019-03-17 12:48,Grono,160319_234502,211,218
Male,6.0,2019-04-17 10:07,Grono,160419_220001,422,428
Male,9.0,2019-04-17 10:22,Grono,160419_221503,423,432
Male,15.0,2019-04-17 10:59,Grono,160419_224503,839,854
Male,12.0,2019-04-17 10:59,Grono,160419_224503,869,881
Male,18.0,2019-04-17 11:09,Grono,160419_230002,583,601
Male,7.0,2019-03-18 11:15,Grono,170319_221503,20,27
Male,27.0,2019-04-18 10:13,Grono,170419_220001,782,809
Male,6.0,2019-04-18 10:18,Grono,170419_221503,232,238
Male,6.0,2019-04-18 10:19,Grono,170419_221503,253,259
Male,21.0,2019-04-18 11:47,Grono,170419_234502,165,186
Male,12.0,2019-04-18 11:46,Grono,170419_234502,69,81
Male,27.0,2019-03-19 11:08,Grono,180319_220001,513,540
Male,15.0,2019-03-19 11:20,Grono,180319_221503,336,351
Male,20.0,2019-03-19 11:29,Grono,180319_221503,862,882
Male,9.0,2019-03-19 11:34,Grono,180319_223003,252,261
Male,18.0,2019-03-19 11:37,Grono,180319_223003,426,444
Male,21.0,2019-03-19 12:28,Grono,180319_231502,787,808
Male,24.0,2019-03-19 12:47,Grono,180319_234502,132,156
Male,18.0,2019-04-19 10:01,Grono,180419_220001,110,128
Female,9.0,2019-04-19 10:03,Grono,180419_220001,203,212
Female,7.0,2019-04-19 10:09,Grono,180419_220001,598,605
Male,21.0,2019-04-19 10:10,Grono,180419_220001,610,631
Male,15.0,2019-04-19 10:01,Grono,180419_220001,76,91
Female,12.0,2019-04-19 10:15,Grono,180419_221503,38,50
Male,27.0,2019-04-19 10:15,Grono,180419_221503,50,77
Male,9.0,2019-04-19 10:40,Grono,180419_223002,606,615
Male,7.0,2019-04-19 11:27,Grono,180419_231503,774,781
Male,7.0,2019-04-19 11:41,Grono,180419_233002,704,711
Female,7.0,2019-03-20 11:00,Grono,190319_220001,21,28
Male,30.0,2019-03-20 11:23,Grono,190319_221503,516,546
Male,21.0,2019-03-20 11:39,Grono,190319_223002,544,565
Male,6.0,2019-03-20 11:55,Grono,190319_224503,597,603
Male,11.0,2019-03-20 11:55,Grono,190319_224503,629,640
Male,27.0,2019-03-20 12:05,Grono,190319_230002,334,361
Male,16.0,2019-03-20 12:18,Grono,190319_231502,205,221
Male,12.0,2019-03-20 12:50,Grono,190319_234502,341,353
Male,7.0,2019-04-20 10:08,Grono,190419_220001,482,489
Female,21.0,2019-04-20 10:36,Grono,190419_223003,363,384
Male,12.0,2019-04-20 10:36,Grono,190419_223003,384,396
Male,12.0,2019-04-20 10:36,Grono,190419_223003,399,411
Male,10.0,2019-04-20 10:37,Grono,190419_223003,451,461
Male,16.0,2019-04-20 10:46,Grono,190419_224502,108,124
Male,16.0,2019-04-20 11:01,Grono,190419_230002,107,123
missing,7.0,2019-04-20 11:05,Grono,190419_230002,355,362
missing,7.0,2019-04-20 11:06,Grono,190419_230002,364,371
Male,24.0,2019-03-21 11:05,Grono,200319_220001,333,357
Female,18.0,2019-03-21 12:11,Grono,200319_230003,700,718
Male,18.0,2019-03-21 12:12,Grono,200319_230003,718,736
Female,9.0,2019-04-21 11:46,Grono,200419_234502,58,67
Male,36.0,2019-04-21 11:46,Grono,200419_234502,64,100
Male,45.0,2019-03-22 12:06,Grono,210319_230002,385,430
Male,6.0,2019-03-22 12:27,Grono,210319_231502,721,727
Male,15.0,2019-03-22 12:28,Grono,210319_231502,795,810
Male,30.0,2019-03-22 12:39,Grono,210319_233003,596,626
Male,12.0,2019-03-22 12:40,Grono,210319_233003,629,641
Male,12.0,2019-03-22 12:45,Grono,210319_234502,43,55
Male,6.0,2019-04-22 10:22,Grono,210419_221503,472,478
Male,12.0,2019-04-22 11:08,Grono,210419_230002,510,522
Male,15.0,2019-04-22 11:13,Grono,210419_230002,787,802
Female,10.0,2019-04-22 11:13,Grono,210419_230002,810,820
Male,6.0,2019-04-22 11:14,Grono,210419_230002,838,844
Male,7.0,2019-04-22 11:18,Grono,210419_231502,226,233
Male,15.0,2019-03-23 11:01,Grono,220319_220001,96,111
Female,9.0,2019-03-23 12:19,Grono,220319_231502,266,275
Male,18.0,2019-03-23 12:19,Grono,220319_231502,287,305
Male,27.0,2019-03-23 12:28,Grono,220319_231502,782,809
Male,12.0,2019-03-23 12:38,Grono,220319_233002,503,515
Male,12.0,2019-04-23 10:16,Grono,220419_221503,78,90
Male,32.0,2019-04-23 10:55,Grono,220419_224502,623,655
Male,33.0,2019-04-23 11:02,Grono,220419_230002,174,207
Female,9.0,2019-04-23 11:08,Grono,220419_230002,525,534
Male,16.0,2019-04-23 11:36,Grono,220419_233002,371,387
Male,12.0,2019-04-23 11:40,Grono,220419_233002,600,612
Male,9.0,2019-04-23 11:40,Grono,220419_233002,617,626
Male,6.0,2019-04-23 11:40,Grono,220419_233002,644,650
Male,7.0,2019-04-24 10:05,Grono,230419_220001,314,321
Male,10.0,2019-04-24 10:05,Grono,230419_220001,328,338
Male,18.0,2019-04-24 10:15,Grono,230419_221503,35,53
Male,21.0,2019-04-24 10:23,Grono,230419_221503,493,514
Male,24.0,2019-04-24 10:27,Grono,230419_221503,727,751
Male,24.0,2019-04-24 10:42,Grono,230419_223003,759,783
Male,15.0,2019-04-24 11:29,Grono,230419_231502,882,897
Male,11.0,2019-04-24 11:30,Grono,230419_233002,1,12
Male,21.0,2019-04-24 11:50,Grono,230419_234502,328,349
Male,24.0,2019-04-25 10:06,Grono,240419_220001,405,429
Male,27.0,2019-04-25 10:24,Grono,240419_221503,544,571
Female,6.0,2019-04-25 10:24,Grono,240419_221503,574,580
Male,24.0,2019-04-25 10:24,Grono,240419_221503,580,604
Male,18.0,2019-04-25 10:32,Grono,240419_223002,126,144
Female,12.0,2019-04-25 10:32,Grono,240419_223002,162,174
Male,24.0,2019-04-25 10:32,Grono,240419_223002,173,197
Male,24.0,2019-04-25 10:50,Grono,240419_224502,353,377
Male,24.0,2019-04-25 10:45,Grono,240419_224502,4,28
Male,27.0,2019-04-25 10:54,Grono,240419_224502,562,589
Male,12.0,2019-04-25 11:07,Grono,240419_230003,436,448
Female,6.0,2019-04-25 11:07,Grono,240419_230003,461,467
Male,15.0,2019-04-25 11:07,Grono,240419_230003,467,482
Male,12.0,2019-04-25 11:08,Grono,240419_230003,485,497
Male,27.0,2019-04-25 11:25,Grono,240419_231502,622,649
Male,18.0,2019-04-25 11:29,Grono,240419_231502,846,864
Male,10.0,2019-04-25 11:41,Grono,240419_233002,658,668
Female,15.0,2019-04-25 11:41,Grono,240419_233002,698,713
Male,12.0,2019-04-25 11:41,Grono,240419_233002,715,727
Male,15.0,2019-04-25 11:49,Grono,240419_234502,247,262
Male,9.0,2019-04-25 11:49,Grono,240419_234502,271,280
Male,9.0,2019-04-25 11:49,Grono,240419_234502,283,292
Male,24.0,2019-04-25 11:55,Grono,240419_234502,647,671
Female,9.0,2019-04-25 11:57,Grono,240419_234502,763,772
Male,6.0,2019-04-25 11:57,Grono,240419_234502,771,777
Male,16.0,2019-04-25 11:58,Grono,240419_234502,782,798
Male,12.0,2019-04-26 11:41,Grono,250419_233002,671,683
Male,24.0,2019-03-27 11:50,Grono,260319_224503,317,341
Male,7.0,2019-03-27 12:21,Grono,260319_231502,367,374
Male,13.0,2019-03-27 12:57,Grono,260319_234502,744,757
Male,13.0,2019-03-27 12:57,Grono,260319_234502,759,772
Male,7.0,2019-03-27 12:58,Grono,260319_234502,780,787
Male,27.0,2019-03-27 12:58,Grono,260319_234502,794,821
Male,12.0,2019-03-28 11:50,Grono,270319_224502,346,358
Male,13.0,2019-03-28 11:51,Grono,270319_224502,370,383
Male,10.0,2019-03-28 12:05,Grono,270319_230002,325,335
Male,6.0,2019-03-28 12:29,Grono,270319_231503,843,849
Female,15.0,2019-03-28 12:33,Grono,270319_233002,189,204
Male,15.0,2019-03-28 12:39,Grono,270319_233002,595,610
Male,8.0,2019-03-28 12:52,Grono,270319_234502,446,454
Male,7.0,2019-03-28 12:56,Grono,270319_234502,707,714
Male,10.0,2019-04-28 10:54,Grono,270419_224502,573,583
Female,9.0,2019-03-29 12:26,Grono,280319_231502,696,705
Male,33.0,2019-03-29 12:26,Grono,280319_231502,705,738
Male,9.0,2019-03-29 12:47,Grono,280319_234502,142,151
Male,6.0,2019-03-29 12:47,Grono,280319_234502,154,160
Male,9.0,2019-03-29 12:47,Grono,280319_234502,163,172
Male,13.0,2019-04-29 10:19,Grono,280419_221503,272,285
Male,12.0,2019-03-30 12:14,Grono,290319_230002,874,886
Male,27.0,2019-04-30 10:02,Grono,290419_220001,133,160
Male,18.0,2019-04-30 10:10,Grono,290419_220001,606,624
Male,18.0,2019-04-30 10:39,Grono,290419_223003,551,569
Male,7.0,2019-04-30 10:46,Grono,290419_224502,64,71
Female,6.0,2019-03-31 12:06,Grono,300319_230002,383,389
Male,9.0,2019-03-31 12:06,Grono,300319_230002,407,416
Male,6.0,2019-03-31 12:49,Grono,300319_234502,278,284
Male,9.0,2019-05-01 10:09,Grono,300419_220001,548,557
Male,15.0,2019-05-01 10:16,Grono,300419_221503,103,118
Female,6.0,2019-05-01 10:15,Grono,300419_221503,44,50
Male,6.0,2019-05-01 10:15,Grono,300419_221503,53,59
Male,12.0,2019-05-01 10:16,Grono,300419_221503,74,86
Male,27.0,2019-05-01 11:50,Grono,300419_234502,310,337
Male,13.0,2018-04-02 10:49,Lake_Sec,010418_224502,246,259
Male,12.0,2018-04-02 11:07,Lake_Sec,010418_230002,454,466
Male,24.0,2019-04-02 12:52,Lake_Sec,010419_234502,469,493
Male,21.0,2018-05-02 11:09,Lake_Sec,010518_230002,564,585
Male,24.0,2018-05-02 11:25,Lake_Sec,010518_231502,603,627
Male,24.0,2018-05-02 11:27,Lake_Sec,010518_231502,747,771
Male,10.0,2019-05-02 10:41,Lake_Sec,010519_223002,702,712
Male,20.0,2019-04-03 11:15,Lake_Sec,020419_221502,4,24
Male,7.0,2019-04-03 11:31,Lake_Sec,020419_223002,65,72
Male,15.0,2019-04-03 11:43,Lake_Sec,020419_223002,810,825
Male,13.0,2019-04-03 11:51,Lake_Sec,020419_224502,362,375
Male,9.0,2019-04-03 11:56,Lake_Sec,020419_224502,706,715
Male,9.0,2019-04-03 12:41,Lake_Sec,020419_233002,684,693
Male,30.0,2019-04-03 12:51,Lake_Sec,020419_234502,367,397
Male,10.0,2019-04-03 12:57,Lake_Sec,020419_234502,755,765
Male,21.0,2018-05-03 10:01,Lake_Sec,020518_220001,103,124
Male,13.0,2018-05-03 10:02,Lake_Sec,020518_220001,171,184
Male,10.0,2018-05-03 10:00,Lake_Sec,020518_220001,56,66
Male,26.0,2018-05-03 10:49,Lake_Sec,020518_224502,265,291
Male,21.0,2018-05-03 10:52,Lake_Sec,020518_224502,435,456
Male,21.0,2018-05-03 10:56,Lake_Sec,020518_224502,667,688
Male,33.0,2018-05-03 10:58,Lake_Sec,020518_224502,834,867
Male,9.0,2018-05-03 11:02,Lake_Sec,020518_230002,172,181
Male,31.0,2018-05-03 11:10,Lake_Sec,020518_230002,644,675
Male,23.0,2018-05-03 11:49,Lake_Sec,020518_234502,259,282
Male,16.0,2018-05-03 11:50,Lake_Sec,020518_234502,312,328
Male,13.0,2019-05-03 10:18,Lake_Sec,020519_221502,193,206
Male,12.0,2019-05-03 11:05,Lake_Sec,020519_230002,352,364
Male,15.0,2019-05-03 11:18,Lake_Sec,020519_231502,218,233
Male,12.0,2019-05-03 11:40,Lake_Sec,020519_233002,616,628
Male,13.0,2019-05-03 11:47,Lake_Sec,020519_234502,148,161
Male,13.0,2019-05-03 11:47,Lake_Sec,020519_234502,168,181
Male,13.0,2019-04-04 11:47,Lake_Sec,030419_224502,121,134
Male,18.0,2019-04-04 12:09,Lake_Sec,030419_230002,560,578
Male,18.0,2019-04-04 12:48,Lake_Sec,030419_234502,204,222
Male,21.0,2018-05-04 11:46,Lake_Sec,030518_234502,97,118
Male,9.0,2019-05-04 11:53,Lake_Sec,030519_234502,485,494
Male,15.0,2019-04-05 11:54,Lake_Sec,040419_224502,548,563
Male,12.0,2019-04-05 11:54,Lake_Sec,040419_224502,589,601
Male,16.0,2019-04-05 12:17,Lake_Sec,040419_231502,169,185
Male,7.0,2018-05-05 10:43,Lake_Sec,040518_223002,781,788
Male,18.0,2018-05-06 11:29,Lake_Sec,050518_231502,880,898
Male,16.0,2019-05-06 11:19,Lake_Sec,050519_231502,294,310
Male,25.0,2019-04-07 10:07,Lake_Sec,060419_220001,439,464
Male,13.0,2019-04-07 10:26,Lake_Sec,060419_221502,666,679
Male,24.0,2019-04-07 10:51,Lake_Sec,060419_224502,415,439
Male,15.0,2019-04-07 11:57,Lake_Sec,060419_234502,743,758
Male,9.0,2019-05-07 10:07,Lake_Sec,060519_220001,427,436
Male,9.0,2019-05-07 10:07,Lake_Sec,060519_220001,439,448
Male,10.0,2019-05-07 10:24,Lake_Sec,060519_221502,541,551
Male,13.0,2019-05-07 10:45,Lake_Sec,060519_224502,33,46
Male,15.0,2019-05-07 11:02,Lake_Sec,060519_230002,128,143
Male,18.0,2019-05-07 11:13,Lake_Sec,060519_230002,816,834
Male,27.0,2019-05-07 11:23,Lake_Sec,060519_231502,482,509
Male,30.0,2018-04-08 11:26,Lake_Sec,070418_231502,710,740
Male,18.0,2019-04-08 10:13,Lake_Sec,070419_220001,831,849
Male,16.0,2019-04-08 10:14,Lake_Sec,070419_220001,881,897
Male,16.0,2019-04-08 10:18,Lake_Sec,070419_221502,183,199
Male,16.0,2019-04-08 10:22,Lake_Sec,070419_221502,474,490
Male,16.0,2019-04-08 10:31,Lake_Sec,070419_223002,101,117
Male,30.0,2019-04-08 11:03,Lake_Sec,070419_230002,181,211
Male,22.0,2019-04-08 11:40,Lake_Sec,070419_233002,614,636
Male,13.0,2019-04-08 11:43,Lake_Sec,070419_233002,797,810
Male,13.0,2019-05-08 10:34,Lake_Sec,070519_223002,239,252
Male,27.0,2019-05-08 10:31,Lake_Sec,070519_223002,82,109
Male,18.0,2019-05-08 10:46,Lake_Sec,070519_224502,114,132
Male,16.0,2019-05-08 11:06,Lake_Sec,070519_230002,407,423
Male,6.0,2019-05-08 11:55,Lake_Sec,070519_234502,637,643
Male,18.0,2019-05-08 11:57,Lake_Sec,070519_234502,776,794
Male,27.0,2019-05-08 11:58,Lake_Sec,070519_234502,808,835
Male,10.0,2018-03-09 12:04,Lake_Sec,080318_230002,289,299
Male,22.0,2018-03-09 12:14,Lake_Sec,080318_230002,839,861
Male,24.0,2018-04-09 11:29,Lake_Sec,080418_231502,848,872
Male,13.0,2019-04-09 10:50,Lake_Sec,080419_224502,356,369
Male,16.0,2019-05-09 10:43,Lake_Sec,080519_223002,802,818
Male,20.0,2019-05-09 10:51,Lake_Sec,080519_224502,409,429
Male,27.0,2018-03-10 11:06,Lake_Sec,090318_220001,375,402
Male,24.0,2018-03-10 11:08,Lake_Sec,090318_220001,489,513
Male,27.0,2018-03-10 11:23,Lake_Sec,090318_221502,500,527
Male,7.0,2018-03-10 11:28,Lake_Sec,090318_221502,792,799
Male,21.0,2018-03-10 11:36,Lake_Sec,090318_223002,404,425
Female,7.0,2018-03-10 11:37,Lake_Sec,090318_223002,423,430
Male,13.0,2018-03-10 11:38,Lake_Sec,090318_223002,496,509
Male,12.0,2018-03-10 11:38,Lake_Sec,090318_223002,528,540
Male,7.0,2018-03-10 11:43,Lake_Sec,090318_223002,819,826
Male,10.0,2018-03-10 11:44,Lake_Sec,090318_223002,888,898
Male,17.0,2018-03-10 11:48,Lake_Sec,090318_224502,202,219
Male,12.0,2018-03-10 12:45,Lake_Sec,090318_234502,23,35
Male,13.0,2018-04-10 11:01,Lake_Sec,090418_230002,69,82
Male,6.0,2018-04-10 11:51,Lake_Sec,090418_234502,366,372
Male,7.0,2019-05-10 10:15,Lake_Sec,090519_221502,23,30
Male,12.0,2019-05-10 11:39,Lake_Sec,090519_233002,564,576
Male,16.0,2019-05-10 11:40,Lake_Sec,090519_233002,625,641
Male,16.0,2019-05-10 11:51,Lake_Sec,090519_234502,363,379
Male,15.0,2019-05-10 11:53,Lake_Sec,090519_234502,489,504
Male,10.0,2018-03-11 11:29,Lake_Sec,100318_221502,885,895
Male,14.0,2018-03-11 11:30,Lake_Sec,100318_223002,1,15
Male,15.0,2018-03-11 11:41,Lake_Sec,100318_223002,685,700
Male,13.0,2018-03-11 11:58,Lake_Sec,100318_224502,786,799
Male,7.0,2018-03-11 12:06,Lake_Sec,100318_230002,364,371
Male,6.0,2018-03-11 12:15,Lake_Sec,100318_231502,55,61
Male,16.0,2018-03-11 12:52,Lake_Sec,100318_234502,469,485
Female,13.0,2018-03-11 12:53,Lake_Sec,100318_234502,489,502
Male,13.0,2018-03-11 12:54,Lake_Sec,100318_234502,570,583
Male,18.0,2018-04-11 10:08,Lake_Sec,100418_220001,532,550
Male,10.0,2018-04-11 10:43,Lake_Sec,100418_223002,801,811
Male,16.0,2018-04-11 10:45,Lake_Sec,100418_224502,8,24
Male,16.0,2018-04-11 11:03,Lake_Sec,100418_230002,233,249
Male,18.0,2018-04-11 11:10,Lake_Sec,100418_230002,616,634
Male,18.0,2018-04-11 11:30,Lake_Sec,100418_233002,4,22
Male,13.0,2019-04-11 10:01,Lake_Sec,100419_220001,103,116
Male,13.0,2019-04-11 10:30,Lake_Sec,100419_223002,4,17
Male,13.0,2018-05-11 11:37,Lake_Sec,100518_233002,459,472
Male,7.0,2019-05-11 10:14,Lake_Sec,100519_220001,891,898
Male,9.0,2019-05-11 10:15,Lake_Sec,100519_221502,1,10
Male,15.0,2019-05-11 10:16,Lake_Sec,100519_221502,107,122
Male,13.0,2019-05-11 11:18,Lake_Sec,100519_231502,181,194
Male,7.0,2019-05-11 11:21,Lake_Sec,100519_231502,381,388
Male,10.0,2019-05-11 11:25,Lake_Sec,100519_231502,605,615
Male,26.0,2019-05-11 11:56,Lake_Sec,100519_234502,659,685
Male,22.0,2019-05-11 11:57,Lake_Sec,100519_234502,768,790
Male,16.0,2018-04-12 10:08,Lake_Sec,110418_220001,509,525
Male,10.0,2019-04-12 10:10,Lake_Sec,110419_220001,608,618
Male,10.0,2019-04-12 10:10,Lake_Sec,110419_220001,620,630
Male,16.0,2019-04-12 11:44,Lake_Sec,110419_233002,840,856
Male,12.0,2018-04-13 11:37,Lake_Sec,120418_233002,423,435
Male,13.0,2018-04-13 11:49,Lake_Sec,120418_234502,270,283
Male,16.0,2019-04-13 11:33,Lake_Sec,120419_233002,222,238
Male,13.0,2019-04-13 11:54,Lake_Sec,120419_234502,562,575
Male,16.0,2018-05-13 10:44,Lake_Sec,120518_223002,839,855
Male,15.0,2018-05-13 11:50,Lake_Sec,120518_234502,314,329
Male,9.0,2019-05-13 10:04,Lake_Sec,120519_220001,288,297
Male,15.0,2019-05-13 10:05,Lake_Sec,120519_220001,348,363
Male,21.0,2018-04-14 10:09,Lake_Sec,130418_220001,591,612
Male,10.0,2018-04-14 10:14,Lake_Sec,130418_220001,882,892
Male,21.0,2018-04-14 10:17,Lake_Sec,130418_221502,119,140
Male,13.0,2018-04-14 10:35,Lake_Sec,130418_223002,320,333
Male,15.0,2018-04-14 11:40,Lake_Sec,130418_233002,642,657
Male,30.0,2018-04-14 11:41,Lake_Sec,130418_233002,678,708
Male,18.0,2019-04-14 10:24,Lake_Sec,130419_221503,588,606
Male,28.0,2019-04-14 10:32,Lake_Sec,130419_223002,152,180
Male,10.0,2019-04-14 11:46,Lake_Sec,130419_234502,67,77
Male,14.0,2019-04-14 11:57,Lake_Sec,130419_234502,776,790
Male,27.0,2019-05-14 10:31,Lake_Sec,130519_223002,96,123
Male,8.0,2019-05-14 11:46,Lake_Sec,130519_234502,102,110
Male,10.0,2019-03-15 12:42,Lake_Sec,140319_233002,748,758
Male,10.0,2019-03-15 12:56,Lake_Sec,140319_234502,661,671
Male,25.0,2018-04-15 10:17,Lake_Sec,140418_221502,162,187
Male,16.0,2018-04-15 11:55,Lake_Sec,140418_234502,650,666
Male,9.0,2019-04-15 10:35,Lake_Sec,140419_223002,307,316
Male,7.0,2019-04-15 10:50,Lake_Sec,140419_224502,301,308
Male,7.0,2019-04-15 11:24,Lake_Sec,140419_231502,587,594
Male,22.0,2019-04-15 11:46,Lake_Sec,140419_234502,111,133
Male,10.0,2019-04-15 11:51,Lake_Sec,140419_234502,387,397
Male,7.0,2019-03-16 11:02,Lake_Sec,150319_220001,148,155
Male,12.0,2019-03-16 11:00,Lake_Sec,150319_220001,20,32
Male,10.0,2019-03-16 12:23,Lake_Sec,150319_231502,517,527
Male,18.0,2019-03-16 12:26,Lake_Sec,150319_231502,712,730
Male,6.0,2019-03-16 12:27,Lake_Sec,150319_231502,754,760
Male,12.0,2019-04-16 10:14,Lake_Sec,150419_220001,840,852
Female,9.0,2019-04-16 10:39,Lake_Sec,150419_223002,571,580
Male,7.0,2019-04-16 11:34,Lake_Sec,150419_233002,258,265
Male,20.0,2019-04-16 11:57,Lake_Sec,150419_234502,768,788
Male,24.0,2018-05-16 10:33,Lake_Sec,150518_223002,222,246
Male,16.0,2018-05-16 10:34,Lake_Sec,150518_223002,267,283
Male,24.0,2018-05-16 11:09,Lake_Sec,150518_230002,595,619
Male,16.0,2018-05-16 11:34,Lake_Sec,150518_233002,279,295
Male,18.0,2018-05-16 11:30,Lake_Sec,150518_233002,7,25
Male,6.0,2018-03-17 11:27,Lake_Sec,160318_221502,752,758
Male,9.0,2018-03-17 11:27,Lake_Sec,160318_221502,761,770
Male,6.0,2018-03-17 11:27,Lake_Sec,160318_221502,773,779
Male,7.0,2018-03-17 11:28,Lake_Sec,160318_221502,783,790
Male,18.0,2018-03-17 11:44,Lake_Sec,160318_223002,868,886
Male,13.0,2018-03-17 12:32,Lake_Sec,160318_233002,125,138
Male,16.0,2018-03-17 12:57,Lake_Sec,160318_234502,773,789
Male,16.0,2019-03-17 12:24,Lake_Sec,160319_231502,544,560
Male,18.0,2019-03-17 12:25,Lake_Sec,160319_231502,608,626
Male,12.0,2019-03-17 12:27,Lake_Sec,160319_231502,774,786
Male,20.0,2019-04-17 10:04,Lake_Sec,160419_220001,250,270
Male,16.0,2019-04-17 10:12,Lake_Sec,160419_220001,742,758
Male,13.0,2019-04-17 10:01,Lake_Sec,160419_220001,85,98
Male,21.0,2019-04-17 10:24,Lake_Sec,160419_221502,557,578
missing,6.0,2019-04-17 11:15,Lake_Sec,160419_231502,1,7
missing,9.0,2019-04-17 11:15,Lake_Sec,160419_231502,13,22
Male,21.0,2019-04-17 11:31,Lake_Sec,160419_233002,116,137
Male,18.0,2019-04-17 11:31,Lake_Sec,160419_233002,72,90
Male,7.0,2019-03-18 11:26,Lake_Sec,170319_221502,671,678
Male,10.0,2019-03-18 12:48,Lake_Sec,170319_234502,231,241
Male,7.0,2019-03-18 12:56,Lake_Sec,170319_234502,666,673
Male,10.0,2019-04-18 10:02,Lake_Sec,170419_220001,170,180
Male,10.0,2019-04-18 10:40,Lake_Sec,170419_223002,613,623
Male,15.0,2019-04-18 11:22,Lake_Sec,170419_231502,441,456
Male,10.0,2019-04-18 11:28,Lake_Sec,170419_231502,827,837
Male,7.0,2019-03-19 11:27,Lake_Sec,180319_221502,746,753
Male,13.0,2019-03-19 11:28,Lake_Sec,180319_221502,824,837
Male,15.0,2019-03-19 12:43,Lake_Sec,180319_233002,802,817
Male,16.0,2019-04-19 10:13,Lake_Sec,180419_220001,830,846
Male,16.0,2019-04-19 10:18,Lake_Sec,180419_221502,208,224
Male,7.0,2019-04-19 10:21,Lake_Sec,180419_221502,404,411
Female,7.0,2019-04-19 10:33,Lake_Sec,180419_223002,205,212
Male,22.0,2019-04-19 10:42,Lake_Sec,180419_223002,766,788
Male,13.0,2019-04-19 10:31,Lake_Sec,180419_223002,87,100
Female,8.0,2019-04-19 10:52,Lake_Sec,180419_224502,449,457
Male,13.0,2019-04-19 10:59,Lake_Sec,180419_224502,850,863
Male,16.0,2019-03-20 11:47,Lake_Sec,190319_224502,167,183
Male,10.0,2019-03-20 11:50,Lake_Sec,190319_224502,342,352
Male,24.0,2019-03-20 11:57,Lake_Sec,190319_224502,720,744
Male,7.0,2019-03-20 12:20,Lake_Sec,190319_231502,333,340
Male,22.0,2019-03-21 11:40,Lake_Sec,200319_223002,654,676
Male,10.0,2019-03-21 11:41,Lake_Sec,200319_223002,683,693
Male,12.0,2019-03-21 11:41,Lake_Sec,200319_223002,713,725
Male,16.0,2019-03-21 12:00,Lake_Sec,200319_230002,14,30
Male,19.0,2019-03-21 12:07,Lake_Sec,200319_230002,438,457
Male,15.0,2019-03-21 12:52,Lake_Sec,200319_234502,421,436
Male,13.0,2019-03-21 12:56,Lake_Sec,200319_234502,701,714
Male,10.0,2019-04-21 10:13,Lake_Sec,200419_220001,825,835
Male,24.0,2019-04-21 11:02,Lake_Sec,200419_230002,159,183
Male,22.0,2018-03-22 11:15,Lake_Sec,210318_221502,54,76
Male,6.0,2018-03-22 12:30,Lake_Sec,210318_233002,32,38
Male,21.0,2019-03-22 11:31,Lake_Sec,210319_223002,85,106
Male,12.0,2019-03-22 11:55,Lake_Sec,210319_224502,620,632
Male,6.0,2019-03-22 11:55,Lake_Sec,210319_224502,638,644
Male,10.0,2019-03-22 11:57,Lake_Sec,210319_224502,749,759
Male,10.0,2019-03-22 12:59,Lake_Sec,210319_234502,870,880
Male,9.0,2019-04-22 10:37,Lake_Sec,210419_223002,429,438
Male,27.0,2019-04-22 11:10,Lake_Sec,210419_230002,623,650
Male,7.0,2019-04-22 11:20,Lake_Sec,210419_231502,345,352
Male,21.0,2018-03-23 12:58,Lake_Sec,220318_234502,811,832
Male,18.0,2019-03-23 11:08,Lake_Sec,220319_220001,482,500
Male,18.0,2019-03-23 11:32,Lake_Sec,220319_223002,141,159
Male,10.0,2019-03-23 11:35,Lake_Sec,220319_223002,315,325
Male,10.0,2019-03-23 11:45,Lake_Sec,220319_224502,51,61
Male,24.0,2019-03-23 12:02,Lake_Sec,220319_230002,142,166
Male,18.0,2019-03-23 12:23,Lake_Sec,220319_231502,480,498
Male,20.0,2019-03-23 12:45,Lake_Sec,220319_234502,28,48
Male,10.0,2018-04-23 10:29,Lake_Sec,220418_221502,874,884
Male,7.0,2018-04-23 10:43,Lake_Sec,220418_223002,790,797
Male,15.0,2018-04-23 10:44,Lake_Sec,220418_223002,839,854
Male,15.0,2018-04-23 11:18,Lake_Sec,220418_231502,189,204
Male,7.0,2019-04-23 11:07,Lake_Sec,220419_230002,421,428
Male,13.0,2018-03-24 11:04,Lake_Sec,230318_220001,239,252
Male,6.0,2019-03-24 12:16,Lake_Sec,230319_231502,88,94
Male,13.0,2019-03-24 12:49,Lake_Sec,230319_234502,296,309
Male,10.0,2019-04-24 10:01,Lake_Sec,230419_220001,64,74
Male,15.0,2019-04-24 11:00,Lake_Sec,230419_230002,16,31
Male,18.0,2019-04-24 11:03,Lake_Sec,230419_230002,191,209
Male,6.0,2019-04-24 11:00,Lake_Sec,230419_230002,7,13
Male,16.0,2018-03-25 11:01,Lake_Sec,240318_220001,114,130
Male,13.0,2018-03-25 11:21,Lake_Sec,240318_221502,359,372
Male,13.0,2018-03-25 12:09,Lake_Sec,240318_230002,542,555
Male,13.0,2018-03-25 12:10,Lake_Sec,240318_230002,603,616
Male,10.0,2018-04-25 10:02,Lake_Sec,240418_220001,172,182
Male,13.0,2019-04-25 10:01,Lake_Sec,240419_220001,100,113
Male,24.0,2019-04-25 11:02,Lake_Sec,240419_230002,176,200
Male,13.0,2019-04-25 11:06,Lake_Sec,240419_230002,382,395
Male,10.0,2018-03-26 11:48,Lake_Sec,250318_224502,198,208
Male,13.0,2019-03-27 11:20,Lake_Sec,260319_221502,324,337
Male,13.0,2018-04-27 10:02,Lake_Sec,260418_220001,175,188
Male,13.0,2018-04-27 10:33,Lake_Sec,260418_223002,234,247
Male,21.0,2019-03-28 11:01,Lake_Sec,270319_220001,81,102
Male,7.0,2019-03-28 11:48,Lake_Sec,270319_224502,213,220
Male,16.0,2019-03-28 12:18,Lake_Sec,270319_231502,210,226
Male,16.0,2019-03-28 12:34,Lake_Sec,270319_233002,241,257
Male,16.0,2019-03-28 12:36,Lake_Sec,270319_233002,405,421
Male,13.0,2019-03-28 12:37,Lake_Sec,270319_233002,455,468
Male,6.0,2019-03-28 12:37,Lake_Sec,270319_233002,471,477
Male,13.0,2019-03-28 12:54,Lake_Sec,270319_234502,547,560
Male,23.0,2018-04-28 11:37,Lake_Sec,270418_233002,455,478
Male,6.0,2018-04-28 11:38,Lake_Sec,270418_233002,492,498
Male,10.0,2019-04-28 11:29,Lake_Sec,270419_231502,875,885
Male,24.0,2019-03-29 11:20,Lake_Sec,280319_221502,356,380
Male,9.0,2019-03-29 11:28,Lake_Sec,280319_221502,797,806
Male,18.0,2019-03-29 11:28,Lake_Sec,280319_221502,819,837
Male,19.0,2019-03-29 11:30,Lake_Sec,280319_223002,36,55
Male,12.0,2019-03-29 11:47,Lake_Sec,280319_224502,157,169
Male,6.0,2019-03-29 11:47,Lake_Sec,280319_224502,172,178
Male,15.0,2019-03-29 11:48,Lake_Sec,280319_224502,196,211
Male,18.0,2019-03-29 11:52,Lake_Sec,280319_224502,426,444
Female,6.0,2019-03-29 12:11,Lake_Sec,280319_230002,679,685
Male,7.0,2019-03-29 12:54,Lake_Sec,280319_234502,581,588
Male,8.0,2019-03-29 12:55,Lake_Sec,280319_234502,622,630
Male,18.0,2018-04-29 10:41,Lake_Sec,280418_223002,670,688
Male,12.0,2018-03-30 11:20,Lake_Sec,290318_221502,328,340
Male,7.0,2018-03-30 11:20,Lake_Sec,290318_221502,351,358
Male,9.0,2019-03-30 11:23,Lake_Sec,290319_221502,478,487
Male,25.0,2019-03-30 11:42,Lake_Sec,290319_223002,735,760
Male,10.0,2019-03-30 11:51,Lake_Sec,290319_224502,365,375
Male,13.0,2019-03-30 12:36,Lake_Sec,290319_233002,408,421
Male,10.0,2019-04-30 10:13,Lake_Sec,290419_220001,820,830
Male,27.0,2019-04-30 10:57,Lake_Sec,290419_224502,760,787
Male,22.0,2019-04-30 11:28,Lake_Sec,290419_231502,796,818
Male,18.0,2019-04-30 11:34,Lake_Sec,290419_233002,258,276
Male,10.0,2019-04-30 11:39,Lake_Sec,290419_233002,582,592
Male,24.0,2019-04-30 11:41,Lake_Sec,290419_233002,676,700
Female,10.0,2019-04-30 11:51,Lake_Sec,290419_234502,373,383
Male,13.0,2019-04-30 11:51,Lake_Sec,290419_234502,383,396
Male,12.0,2019-04-30 11:59,Lake_Sec,290419_234502,868,880
Female,10.0,2019-04-30 11:59,Lake_Sec,290419_234502,883,893
Male,13.0,2019-03-31 12:40,Lake_Sec,300319_233002,617,630
Male,11.0,2018-05-01 11:09,Lake_Sec,300418_230002,542,553
Male,7.0,2018-05-01 11:16,Lake_Sec,300418_231502,93,100
Male,27.0,2018-05-01 11:46,Lake_Sec,300418_234502,106,133
Male,16.0,2018-05-01 11:57,Lake_Sec,300418_234502,752,768
Male,13.0,2019-05-01 10:29,Lake_Sec,300419_221502,885,898
Male,11.0,2019-05-01 10:30,Lake_Sec,300419_223002,1,12
Male,13.0,2019-05-01 10:31,Lake_Sec,300419_223002,104,117
Male,10.0,2019-05-01 10:45,Lake_Sec,300419_224502,22,32
Male,7.0,2019-05-01 10:45,Lake_Sec,300419_224502,50,57
Male,18.0,2019-05-01 11:14,Lake_Sec,300419_230002,852,870
Male,5.0,2019-05-01 11:15,Lake_Sec,300419_231502,1,6
Male,18.0,2019-05-01 11:59,Lake_Sec,300419_234502,871,889
Male,16.0,2018-04-01 11:19,Lake_Sec,310318_231502,290,306
Male,7.0,2018-05-02 10:44,Marley,010518_223002,882,889
Male,24.0,2019-05-03 11:18,Marley,020519_231502,206,230
Male,21.0,2019-05-03 11:33,Marley,020519_233002,221,242
Male,18.0,2019-04-05 12:30,Marley,040419_233002,21,39
Male,7.0,2018-05-05 10:03,Marley,040518_220001,187,194
Male,7.0,2018-05-05 10:03,Marley,040518_220001,204,211
Male,6.0,2018-05-05 10:00,Marley,040518_220001,21,27
Male,18.0,2018-05-05 10:00,Marley,040518_220001,30,48
Male,15.0,2018-05-05 10:06,Marley,040518_220001,402,417
Male,10.0,2018-05-05 10:07,Marley,040518_220001,425,435
Male,15.0,2018-05-05 10:22,Marley,040518_221502,418,433
Male,6.0,2018-05-05 10:22,Marley,040518_221502,436,442
Male,27.0,2018-05-05 11:11,Marley,040518_230002,661,688
Male,9.0,2019-05-06 10:29,Marley,050519_221502,864,873
Male,27.0,2018-04-07 11:38,Marley,060418_233002,496,523
Male,24.0,2018-04-08 11:55,Marley,070418_234502,630,654
Male,6.0,2018-05-09 10:16,Marley,080518_221502,98,104
Male,9.0,2018-05-09 11:54,Marley,080518_234501,564,573
Male,16.0,2019-04-10 10:35,Marley,090419_223002,319,335
Male,18.0,2019-05-11 10:21,Marley,100519_221502,364,382
Male,16.0,2018-05-12 10:52,Marley,110518_224502,438,454
Male,6.0,2018-05-12 11:10,Marley,110518_230002,644,650
Male,9.0,2018-05-12 11:10,Marley,110518_230002,656,665
Male,9.0,2018-05-12 11:20,Marley,110518_231502,335,344
Male,12.0,2018-05-12 11:53,Marley,110518_234502,519,531
Male,18.0,2019-05-12 10:30,Marley,110519_223002,42,60
Male,16.0,2018-04-13 11:02,Marley,120418_230002,135,151
Male,6.0,2019-04-13 11:05,Marley,120419_230002,307,313
Female,7.0,2018-04-14 11:09,Marley,130418_230002,542,549
Female,7.0,2018-04-14 11:09,Marley,130418_230002,554,561
Male,13.0,2019-04-14 11:18,Marley,130419_231502,211,224
Male,33.0,2019-05-14 10:02,Marley,130519_220001,147,180
Male,27.0,2019-05-14 11:44,Marley,130519_233002,868,895
Male,7.0,2018-03-15 12:32,Marley,140318_233002,139,146
Male,18.0,2019-04-15 10:38,Marley,140419_223002,500,518
Male,21.0,2018-05-16 11:12,Marley,150518_230002,734,755
Male,36.0,2019-04-19 11:22,Marley,180419_231502,435,471
Male,27.0,2019-04-19 11:26,Marley,180419_231502,715,742
Male,24.0,2019-04-19 11:33,Marley,180419_233002,213,237
Male,6.0,2019-04-20 10:02,Marley,190419_220001,161,167
Male,6.0,2019-04-20 11:17,Marley,190419_231502,130,136
Male,6.0,2019-04-20 11:17,Marley,190419_231502,142,148
Male,27.0,2019-04-20 11:15,Marley,190419_231502,46,73
Male,13.0,2019-03-21 12:18,Marley,200319_231502,228,241
Male,7.0,2018-04-21 10:28,Marley,200418_221502,798,805
Female,21.0,2019-04-21 10:05,Marley,200419_220001,353,374
Male,27.0,2019-04-21 10:06,Marley,200419_220001,374,401
Male,15.0,2019-04-21 10:22,Marley,200419_221502,428,443
Female,15.0,2019-04-21 10:22,Marley,200419_221502,444,459
Male,12.0,2019-04-21 10:23,Marley,200419_221502,486,498
Male,11.0,2019-03-22 11:25,Marley,210319_221502,598,609
Male,30.0,2019-04-22 11:03,Marley,210419_230002,237,267
Male,12.0,2019-04-22 11:04,Marley,210419_230002,272,284
Male,12.0,2019-04-22 11:04,Marley,210419_230002,287,299
Male,27.0,2019-03-23 11:22,Marley,220319_221502,474,501
Male,24.0,2019-04-24 10:07,Marley,230419_220001,475,499
Male,30.0,2019-04-24 10:53,Marley,230419_224502,478,508
Male,21.0,2019-04-24 10:53,Marley,230419_224502,525,546
Male,24.0,2019-04-24 10:59,Marley,230419_224502,865,889
Male,24.0,2019-04-24 11:03,Marley,230419_230002,201,225
Male,17.0,2019-03-25 12:32,Marley,240319_233002,149,166
Male,13.0,2018-04-25 10:57,Marley,240418_224502,732,745
Male,10.0,2018-04-25 11:02,Marley,240418_230002,142,152
Male,21.0,2018-04-25 11:13,Marley,240418_230002,826,847
Male,7.0,2018-04-25 11:29,Marley,240418_231502,891,898
Male,5.0,2018-04-25 11:30,Marley,240418_233002,1,6
Male,7.0,2018-04-25 11:32,Marley,240418_233002,123,130
Male,14.0,2018-04-25 11:45,Marley,240418_234502,23,37
Male,36.0,2019-04-25 10:52,Marley,240419_224502,432,468
Female,9.0,2019-04-25 10:52,Marley,240419_224502,467,476
Male,18.0,2019-04-25 10:52,Marley,240419_224502,474,492
Male,27.0,2019-04-25 11:32,Marley,240419_233002,135,162
Male,7.0,2019-04-26 11:58,Marley,250419_234502,794,801
Male,24.0,2019-04-26 11:59,Marley,250419_234502,865,889
Male,36.0,2019-03-28 12:29,Marley,270319_231502,855,891
Female,12.0,2019-03-28 12:37,Marley,270319_233002,418,430
Male,6.0,2019-03-28 12:53,Marley,270319_234502,490,496
Male,9.0,2019-04-28 10:43,Marley,270419_223002,817,826
Male,24.0,2019-04-28 10:44,Marley,270419_223002,857,881
Male,6.0,2019-04-28 11:22,Marley,270419_231502,437,443
Male,12.0,2019-04-28 11:22,Marley,270419_231502,446,458
Male,28.0,2018-03-29 11:23,Marley,280318_221502,520,548
Male,15.0,2019-03-29 11:05,Marley,280319_220001,358,373
Male,30.0,2019-04-29 11:01,Marley,280419_230002,83,113
Male,24.0,2019-04-29 11:23,Marley,280419_231502,534,558
Male,6.0,2019-03-30 11:53,Marley,290319_224502,479,485
Male,7.0,2018-05-01 10:06,Marley,300418_220001,376,383
Male,13.0,2018-05-01 10:15,Marley,300418_221502,11,24
Male,24.0,2018-05-01 10:18,Marley,300418_221502,204,228
Male,24.0,2018-05-01 10:19,Marley,300418_221502,243,267
Male,10.0,2018-05-01 10:20,Marley,300418_221502,334,344
Male,7.0,2018-05-01 10:20,Marley,300418_221502,350,357
Male,6.0,2018-05-01 10:22,Marley,300418_221502,435,441
Male,15.0,2018-05-01 10:27,Marley,300418_221502,723,738
Male,6.0,2018-05-01 10:27,Marley,300418_221502,750,756
Male,13.0,2018-05-01 10:29,Marley,300418_221502,865,878
Female,15.0,2018-05-01 10:35,Marley,300418_223002,348,363
Male,15.0,2018-05-01 10:36,Marley,300418_223002,362,377
Male,18.0,2018-04-01 10:08,Marley,310318_220001,498,516
Female,13.0,2019-04-01 11:02,Marley,310319_220001,142,155
Female,7.0,2019-04-01 11:03,Marley,310319_220001,188,195
Female,9.0,2019-04-01 11:00,Marley,310319_220001,20,29
Female,6.0,2019-04-01 11:07,Marley,310319_220001,459,465
Female,15.0,2019-04-01 11:01,Marley,310319_220001,74,89
Female,8.0,2019-04-01 11:01,Marley,310319_220001,92,100
Male,6.0,2019-05-06 11:58,N_River,050519_234502,781,787
Male,16.0,2018-04-12 11:33,N_River,110418_233002,211,227
Male,7.0,2018-04-12 11:35,N_River,110418_233002,345,352
Male,10.0,2018-04-12 11:36,N_River,110418_233002,362,372
Male,6.0,2018-05-12 10:30,N_River,110518_223002,46,52
Male,12.0,2018-05-12 10:31,N_River,110518_223002,58,70
Male,7.0,2019-04-14 10:30,N_River,130419_223002,28,35
Male,7.0,2019-04-14 10:47,N_River,130419_224502,170,177
missing,13.0,2019-04-14 10:53,N_River,130419_224502,532,545
Male,13.0,2019-04-25 10:19,N_River,240419_221502,278,291
Male,17.0,2018-03-26 12:29,N_River,250318_231502,860,877
